{
  "type": "FeatureCollection",
  "properties": {
    "anomaly": {
      "resolution": 7,
      "wind_bin": "5-7",
      "min_scenes_for_local": 15,
      "mode": "global_fallback",
      "reason": "fewer than 15 scenes in the 5-7 m/s wind bin for these cells \u2014 local baseline not established",
      "global_median_db": -14.588233947753906,
      "global_sigma_db": 2.616355436325073,
      "cells_with_local_stats": 0
    }
  },
  "features": [
    {
      "type": "Feature",
      "geometry": {
        "type": "Polygon",
        "coordinates": [
          [
            [
              70.0836867401753,
              17.789373814041745
            ],
            [
              70.0836867401753,
              17.788018433179722
            ],
            [
              70.08085948543963,
              17.788018433179722
            ],
            [
              70.08085948543963,
              17.7866630523177
            ],
            [
              70.07803223070398,
              17.7866630523177
            ],
            [
              70.07803223070398,
              17.78530767145568
            ],
            [
              70.07661860333616,
              17.78530767145568
            ],
            [
              70.07661860333616,
              17.782596909731634
            ],
            [
              70.07520497596833,
              17.782596909731634
            ],
            [
              70.07520497596833,
              17.78124152886961
            ],
            [
              70.07379134860051,
              17.78124152886961
            ],
            [
              70.07379134860051,
              17.77853076714557
            ],
            [
              70.07237772123268,
              17.77853076714557
            ],
            [
              70.07237772123268,
              17.777175386283545
            ],
            [
              70.07096409386486,
              17.777175386283545
            ],
            [
              70.07096409386486,
              17.775820005421522
            ],
            [
              70.06955046649703,
              17.775820005421522
            ],
            [
              70.06955046649703,
              17.7744646245595
            ],
            [
              70.06813683912921,
              17.7744646245595
            ],
            [
              70.06813683912921,
              17.771753862835457
            ],
            [
              70.06672321176138,
              17.771753862835457
            ],
            [
              70.06672321176138,
              17.770398481973434
            ],
            [
              70.06530958439356,
              17.770398481973434
            ],
            [
              70.06530958439356,
              17.76768772024939
            ],
            [
              70.06389595702572,
              17.76768772024939
            ],
            [
              70.06389595702572,
              17.764976958525345
            ],
            [
              70.0624823296579,
              17.764976958525345
            ],
            [
              70.0624823296579,
              17.7622661968013
            ],
            [
              70.06106870229007,
              17.7622661968013
            ],
            [
              70.06106870229007,
              17.759555435077257
            ],
            [
              70.05965507492225,
              17.759555435077257
            ],
            [
              70.05965507492225,
              17.75684467335321
            ],
            [
              70.05824144755442,
              17.75684467335321
            ],
            [
              70.05824144755442,
              17.752778530767145
            ],
            [
              70.0568278201866,
              17.752778530767145
            ],
            [
              70.0568278201866,
              17.74871238818108
            ],
            [
              70.05541419281877,
              17.74871238818108
            ],
            [
              70.05541419281877,
              17.741935483870968
            ],
            [
              70.0568278201866,
              17.741935483870968
            ],
            [
              70.0568278201866,
              17.73651396042288
            ],
            [
              70.05824144755442,
              17.73651396042288
            ],
            [
              70.05824144755442,
              17.728381675250745
            ],
            [
              70.05965507492225,
              17.728381675250745
            ],
            [
              70.05965507492225,
              17.721604770940633
            ],
            [
              70.06106870229007,
              17.721604770940633
            ],
            [
              70.06106870229007,
              17.71482786663052
            ],
            [
              70.0624823296579,
              17.71482786663052
            ],
            [
              70.0624823296579,
              17.710761724044456
            ],
            [
              70.06389595702572,
              17.710761724044456
            ],
            [
              70.06389595702572,
              17.70669558145839
            ],
            [
              70.06530958439356,
              17.70669558145839
            ],
            [
              70.06530958439356,
              17.703984819734345
            ],
            [
              70.06672321176138,
              17.703984819734345
            ],
            [
              70.06672321176138,
              17.701274058010302
            ],
            [
              70.06813683912921,
              17.701274058010302
            ],
            [
              70.06813683912921,
              17.698563296286256
            ],
            [
              70.06955046649703,
              17.698563296286256
            ],
            [
              70.06955046649703,
              17.695852534562214
            ],
            [
              70.07096409386486,
              17.695852534562214
            ],
            [
              70.07096409386486,
              17.693141772838167
            ],
            [
              70.07237772123268,
              17.693141772838167
            ],
            [
              70.07237772123268,
              17.69043101111412
            ],
            [
              70.07379134860051,
              17.69043101111412
            ],
            [
              70.07379134860051,
              17.689075630252102
            ],
            [
              70.07520497596833,
              17.689075630252102
            ],
            [
              70.07520497596833,
              17.686364868528056
            ],
            [
              70.07661860333616,
              17.686364868528056
            ],
            [
              70.07661860333616,
              17.683654106804013
            ],
            [
              70.07803223070398,
              17.683654106804013
            ],
            [
              70.07803223070398,
              17.68229872594199
            ],
            [
              70.07944585807181,
              17.68229872594199
            ],
            [
              70.07944585807181,
              17.679587964217944
            ],
            [
              70.08085948543963,
              17.679587964217944
            ],
            [
              70.08085948543963,
              17.676877202493902
            ],
            [
              70.08227311280747,
              17.676877202493902
            ],
            [
              70.08227311280747,
              17.674166440769856
            ],
            [
              70.0836867401753,
              17.674166440769856
            ],
            [
              70.0836867401753,
              17.672811059907833
            ],
            [
              70.08510036754312,
              17.672811059907833
            ],
            [
              70.08510036754312,
              17.671455679045813
            ],
            [
              70.08651399491094,
              17.671455679045813
            ],
            [
              70.08651399491094,
              17.67010029818379
            ],
            [
              70.08792762227877,
              17.67010029818379
            ],
            [
              70.08792762227877,
              17.668744917321767
            ],
            [
              70.0893412496466,
              17.668744917321767
            ],
            [
              70.0893412496466,
              17.667389536459744
            ],
            [
              70.09075487701442,
              17.667389536459744
            ],
            [
              70.09075487701442,
              17.66603415559772
            ],
            [
              70.09216850438224,
              17.66603415559772
            ],
            [
              70.09216850438224,
              17.6646787747357
            ],
            [
              70.09358213175007,
              17.6646787747357
            ],
            [
              70.09358213175007,
              17.66332339387368
            ],
            [
              70.09640938648572,
              17.66332339387368
            ],
            [
              70.09640938648572,
              17.661968013011656
            ],
            [
              70.09782301385354,
              17.661968013011656
            ],
            [
              70.09782301385354,
              17.660612632149633
            ],
            [
              70.1006502685892,
              17.660612632149633
            ],
            [
              70.1006502685892,
              17.659257251287613
            ],
            [
              70.10206389595703,
              17.659257251287613
            ],
            [
              70.10206389595703,
              17.65790187042559
            ],
            [
              70.10347752332486,
              17.65790187042559
            ],
            [
              70.10347752332486,
              17.656546489563567
            ],
            [
              70.10489115069268,
              17.656546489563567
            ],
            [
              70.10489115069268,
              17.655191108701544
            ],
            [
              70.1063047780605,
              17.655191108701544
            ],
            [
              70.1063047780605,
              17.65383572783952
            ],
            [
              70.10771840542833,
              17.65383572783952
            ],
            [
              70.10771840542833,
              17.6524803469775
            ],
            [
              70.10913203279615,
              17.6524803469775
            ],
            [
              70.10913203279615,
              17.649769585253456
            ],
            [
              70.11054566016398,
              17.649769585253456
            ],
            [
              70.11054566016398,
              17.648414204391432
            ],
            [
              70.1119592875318,
              17.648414204391432
            ],
            [
              70.1119592875318,
              17.647058823529413
            ],
            [
              70.11478654226745,
              17.647058823529413
            ],
            [
              70.11478654226745,
              17.64570344266739
            ],
            [
              70.11620016963528,
              17.64570344266739
            ],
            [
              70.11620016963528,
              17.644348061805367
            ],
            [
              70.11761379700312,
              17.644348061805367
            ],
            [
              70.11761379700312,
              17.642992680943344
            ],
            [
              70.12044105173877,
              17.642992680943344
            ],
            [
              70.12044105173877,
              17.64163730008132
            ],
            [
              70.12326830647442,
              17.64163730008132
            ],
            [
              70.12326830647442,
              17.6402819192193
            ],
            [
              70.12609556121006,
              17.6402819192193
            ],
            [
              70.12609556121006,
              17.63892653835728
            ],
            [
              70.12750918857789,
              17.63892653835728
            ],
            [
              70.12750918857789,
              17.637571157495255
            ],
            [
              70.13033644331354,
              17.637571157495255
            ],
            [
              70.13033644331354,
              17.636215776633232
            ],
            [
              70.13316369804919,
              17.636215776633232
            ],
            [
              70.13316369804919,
              17.634860395771213
            ],
            [
              70.13599095278485,
              17.634860395771213
            ],
            [
              70.13599095278485,
              17.63350501490919
            ],
            [
              70.1388182075205,
              17.63350501490919
            ],
            [
              70.1388182075205,
              17.632149634047167
            ],
            [
              70.14023183488833,
              17.632149634047167
            ],
            [
              70.14023183488833,
              17.630794253185144
            ],
            [
              70.14305908962397,
              17.630794253185144
            ],
            [
              70.14305908962397,
              17.62943887232312
            ],
            [
              70.14588634435962,
              17.62943887232312
            ],
            [
              70.14588634435962,
              17.6280834914611
            ],
            [
              70.14729997172745,
              17.6280834914611
            ],
            [
              70.14729997172745,
              17.62672811059908
            ],
            [
              70.14871359909527,
              17.62672811059908
            ],
            [
              70.14871359909527,
              17.625372729737055
            ],
            [
              70.15154085383094,
              17.625372729737055
            ],
            [
              70.15154085383094,
              17.624017348875032
            ],
            [
              70.15295448119876,
              17.624017348875032
            ],
            [
              70.15295448119876,
              17.622661968013013
            ],
            [
              70.15578173593441,
              17.622661968013013
            ],
            [
              70.15578173593441,
              17.62130658715099
            ],
            [
              70.15719536330224,
              17.62130658715099
            ],
            [
              70.15719536330224,
              17.619951206288967
            ],
            [
              70.16002261803789,
              17.619951206288967
            ],
            [
              70.16002261803789,
              17.618595825426944
            ],
            [
              70.16143624540571,
              17.618595825426944
            ],
            [
              70.16143624540571,
              17.61724044456492
            ],
            [
              70.16426350014136,
              17.61724044456492
            ],
            [
              70.16426350014136,
              17.6158850637029
            ],
            [
              70.16567712750918,
              17.6158850637029
            ],
            [
              70.16567712750918,
              17.614529682840878
            ],
            [
              70.16991800961267,
              17.614529682840878
            ],
            [
              70.16991800961267,
              17.613174301978855
            ],
            [
              70.17415889171615,
              17.613174301978855
            ],
            [
              70.17415889171615,
              17.611818921116836
            ],
            [
              70.17839977381962,
              17.611818921116836
            ],
            [
              70.17839977381962,
              17.610463540254813
            ],
            [
              70.17981340118745,
              17.610463540254813
            ],
            [
              70.17981340118745,
              17.60910815939279
            ],
            [
              70.1826406559231,
              17.60910815939279
            ],
            [
              70.1826406559231,
              17.607752778530767
            ],
            [
              70.18688153802658,
              17.607752778530767
            ],
            [
              70.18688153802658,
              17.606397397668744
            ],
            [
              70.19112242013006,
              17.606397397668744
            ],
            [
              70.19112242013006,
              17.60504201680672
            ],
            [
              70.20808594854397,
              17.60504201680672
            ],
            [
              70.20808594854397,
              17.606397397668744
            ],
            [
              70.21374045801527,
              17.606397397668744
            ],
            [
              70.21374045801527,
              17.607752778530767
            ],
            [
              70.21798134011874,
              17.607752778530767
            ],
            [
              70.21798134011874,
              17.60910815939279
            ],
            [
              70.22080859485439,
              17.60910815939279
            ],
            [
              70.22080859485439,
              17.610463540254813
            ],
            [
              70.22363584959005,
              17.610463540254813
            ],
            [
              70.22363584959005,
              17.611818921116836
            ],
            [
              70.22787673169353,
              17.611818921116836
            ],
            [
              70.22787673169353,
              17.613174301978855
            ],
            [
              70.23070398642918,
              17.613174301978855
            ],
            [
              70.23070398642918,
              17.614529682840878
            ],
            [
              70.23353124116483,
              17.614529682840878
            ],
            [
              70.23353124116483,
              17.6158850637029
            ],
            [
              70.23494486853265,
              17.6158850637029
            ],
            [
              70.23494486853265,
              17.61724044456492
            ],
            [
              70.23635849590048,
              17.61724044456492
            ],
            [
              70.23635849590048,
              17.618595825426944
            ],
            [
              70.2377721232683,
              17.618595825426944
            ],
            [
              70.2377721232683,
              17.619951206288967
            ],
            [
              70.23918575063614,
              17.619951206288967
            ],
            [
              70.23918575063614,
              17.62130658715099
            ],
            [
              70.24059937800396,
              17.62130658715099
            ],
            [
              70.24059937800396,
              17.622661968013013
            ],
            [
              70.24201300537179,
              17.622661968013013
            ],
            [
              70.24201300537179,
              17.624017348875032
            ],
            [
              70.24342663273961,
              17.624017348875032
            ],
            [
              70.24342663273961,
              17.625372729737055
            ],
            [
              70.24484026010744,
              17.625372729737055
            ],
            [
              70.24484026010744,
              17.62672811059908
            ],
            [
              70.24625388747526,
              17.62672811059908
            ],
            [
              70.24625388747526,
              17.62943887232312
            ],
            [
              70.24766751484309,
              17.62943887232312
            ],
            [
              70.24766751484309,
              17.632149634047167
            ],
            [
              70.24908114221091,
              17.632149634047167
            ],
            [
              70.24908114221091,
              17.636215776633232
            ],
            [
              70.25049476957874,
              17.636215776633232
            ],
            [
              70.25049476957874,
              17.63892653835728
            ],
            [
              70.25190839694656,
              17.63892653835728
            ],
            [
              70.25190839694656,
              17.64163730008132
            ],
            [
              70.25332202431439,
              17.64163730008132
            ],
            [
              70.25332202431439,
              17.660612632149633
            ],
            [
              70.25190839694656,
              17.660612632149633
            ],
            [
              70.25190839694656,
              17.667389536459744
            ],
            [
              70.25049476957874,
              17.667389536459744
            ],
            [
              70.25049476957874,
              17.671455679045813
            ],
            [
              70.24908114221091,
              17.671455679045813
            ],
            [
              70.24908114221091,
              17.674166440769856
            ],
            [
              70.24766751484309,
              17.674166440769856
            ],
            [
              70.24766751484309,
              17.676877202493902
            ],
            [
              70.24625388747526,
              17.676877202493902
            ],
            [
              70.24625388747526,
              17.680943345079967
            ],
            [
              70.24484026010744,
              17.680943345079967
            ],
            [
              70.24484026010744,
              17.683654106804013
            ],
            [
              70.24342663273961,
              17.683654106804013
            ],
            [
              70.24342663273961,
              17.686364868528056
            ],
            [
              70.24201300537179,
              17.686364868528056
            ],
            [
              70.24201300537179,
              17.689075630252102
            ],
            [
              70.24059937800396,
              17.689075630252102
            ],
            [
              70.24059937800396,
              17.691786391976144
            ],
            [
              70.23918575063614,
              17.691786391976144
            ],
            [
              70.23918575063614,
              17.69449715370019
            ],
            [
              70.2377721232683,
              17.69449715370019
            ],
            [
              70.2377721232683,
              17.697207915424233
            ],
            [
              70.23635849590048,
              17.697207915424233
            ],
            [
              70.23635849590048,
              17.69991867714828
            ],
            [
              70.23494486853265,
              17.69991867714828
            ],
            [
              70.23494486853265,
              17.701274058010302
            ],
            [
              70.23353124116483,
              17.701274058010302
            ],
            [
              70.23353124116483,
              17.703984819734345
            ],
            [
              70.232117613797,
              17.703984819734345
            ],
            [
              70.232117613797,
              17.70669558145839
            ],
            [
              70.23070398642918,
              17.70669558145839
            ],
            [
              70.23070398642918,
              17.709406343182433
            ],
            [
              70.22929035906135,
              17.709406343182433
            ],
            [
              70.22929035906135,
              17.713472485768502
            ],
            [
              70.22787673169353,
              17.713472485768502
            ],
            [
              70.22787673169353,
              17.717538628354568
            ],
            [
              70.2264631043257,
              17.717538628354568
            ],
            [
              70.2264631043257,
              17.720249390078614
            ],
            [
              70.22504947695788,
              17.720249390078614
            ],
            [
              70.22504947695788,
              17.721604770940633
            ],
            [
              70.22363584959005,
              17.721604770940633
            ],
            [
              70.22363584959005,
              17.72431553266468
            ],
            [
              70.22222222222223,
              17.72431553266468
            ],
            [
              70.22222222222223,
              17.725670913526702
            ],
            [
              70.22080859485439,
              17.725670913526702
            ],
            [
              70.22080859485439,
              17.727026294388722
            ],
            [
              70.21939496748656,
              17.727026294388722
            ],
            [
              70.21939496748656,
              17.728381675250745
            ],
            [
              70.21798134011874,
              17.728381675250745
            ],
            [
              70.21798134011874,
              17.729737056112768
            ],
            [
              70.21656771275092,
              17.729737056112768
            ],
            [
              70.21656771275092,
              17.73109243697479
            ],
            [
              70.21515408538309,
              17.73109243697479
            ],
            [
              70.21515408538309,
              17.733803198698833
            ],
            [
              70.21374045801527,
              17.733803198698833
            ],
            [
              70.21374045801527,
              17.735158579560856
            ],
            [
              70.21232683064744,
              17.735158579560856
            ],
            [
              70.21232683064744,
              17.73651396042288
            ],
            [
              70.21091320327962,
              17.73651396042288
            ],
            [
              70.21091320327962,
              17.737869341284902
            ],
            [
              70.20808594854397,
              17.737869341284902
            ],
            [
              70.20808594854397,
              17.739224722146922
            ],
            [
              70.20667232117614,
              17.739224722146922
            ],
            [
              70.20667232117614,
              17.740580103008945
            ],
            [
              70.20525869380832,
              17.740580103008945
            ],
            [
              70.20525869380832,
              17.741935483870968
            ],
            [
              70.2038450664405,
              17.741935483870968
            ],
            [
              70.2038450664405,
              17.74329086473299
            ],
            [
              70.20243143907265,
              17.74329086473299
            ],
            [
              70.20243143907265,
              17.744646245595014
            ],
            [
              70.20101781170483,
              17.744646245595014
            ],
            [
              70.20101781170483,
              17.746001626457033
            ],
            [
              70.199604184337,
              17.746001626457033
            ],
            [
              70.199604184337,
              17.747357007319057
            ],
            [
              70.19819055696918,
              17.747357007319057
            ],
            [
              70.19819055696918,
              17.7500677690431
            ],
            [
              70.19677692960136,
              17.7500677690431
            ],
            [
              70.19677692960136,
              17.751423149905122
            ],
            [
              70.19536330223353,
              17.751423149905122
            ],
            [
              70.19536330223353,
              17.754133911629168
            ],
            [
              70.1939496748657,
              17.754133911629168
            ],
            [
              70.1939496748657,
              17.75548929249119
            ],
            [
              70.19253604749788,
              17.75548929249119
            ],
            [
              70.19253604749788,
              17.75684467335321
            ],
            [
              70.19112242013006,
              17.75684467335321
            ],
            [
              70.19112242013006,
              17.758200054215234
            ],
            [
              70.18970879276223,
              17.758200054215234
            ],
            [
              70.18970879276223,
              17.759555435077257
            ],
            [
              70.18546791065874,
              17.759555435077257
            ],
            [
              70.18546791065874,
              17.76091081593928
            ],
            [
              70.18122702855527,
              17.76091081593928
            ],
            [
              70.18122702855527,
              17.7622661968013
            ],
            [
              70.17557251908397,
              17.7622661968013
            ],
            [
              70.17557251908397,
              17.763621577663322
            ],
            [
              70.1713316369805,
              17.763621577663322
            ],
            [
              70.1713316369805,
              17.764976958525345
            ],
            [
              70.16850438224483,
              17.764976958525345
            ],
            [
              70.16850438224483,
              17.766332339387368
            ],
            [
              70.16567712750918,
              17.766332339387368
            ],
            [
              70.16567712750918,
              17.76768772024939
            ],
            [
              70.16284987277353,
              17.76768772024939
            ],
            [
              70.16284987277353,
              17.76904310111141
            ],
            [
              70.16143624540571,
              17.76904310111141
            ],
            [
              70.16143624540571,
              17.770398481973434
            ],
            [
              70.15860899067006,
              17.770398481973434
            ],
            [
              70.15860899067006,
              17.771753862835457
            ],
            [
              70.15719536330224,
              17.771753862835457
            ],
            [
              70.15719536330224,
              17.77310924369748
            ],
            [
              70.15436810856659,
              17.77310924369748
            ],
            [
              70.15436810856659,
              17.7744646245595
            ],
            [
              70.15295448119876,
              17.7744646245595
            ],
            [
              70.15295448119876,
              17.775820005421522
            ],
            [
              70.1501272264631,
              17.775820005421522
            ],
            [
              70.1501272264631,
              17.777175386283545
            ],
            [
              70.14588634435962,
              17.777175386283545
            ],
            [
              70.14588634435962,
              17.77853076714557
            ],
            [
              70.14023183488833,
              17.77853076714557
            ],
            [
              70.14023183488833,
              17.77988614800759
            ],
            [
              70.13316369804919,
              17.77988614800759
            ],
            [
              70.13316369804919,
              17.78124152886961
            ],
            [
              70.12750918857789,
              17.78124152886961
            ],
            [
              70.12750918857789,
              17.782596909731634
            ],
            [
              70.12326830647442,
              17.782596909731634
            ],
            [
              70.12326830647442,
              17.783952290593657
            ],
            [
              70.1119592875318,
              17.783952290593657
            ],
            [
              70.1119592875318,
              17.78530767145568
            ],
            [
              70.1063047780605,
              17.78530767145568
            ],
            [
              70.1063047780605,
              17.7866630523177
            ],
            [
              70.10206389595703,
              17.7866630523177
            ],
            [
              70.10206389595703,
              17.788018433179722
            ],
            [
              70.09640938648572,
              17.788018433179722
            ],
            [
              70.09640938648572,
              17.789373814041745
            ],
            [
              70.0836867401753,
              17.789373814041745
            ]
          ]
        ]
      },
      "properties": {
        "slick_id": "slick-000",
        "scene_id": "demo-001",
        "area_km2": 279.6710890838448,
        "perimeter_km": 82.7925593496764,
        "shape_complexity": 1.3965696160253158,
        "eccentricity": 0.7943951262246571,
        "major_axis_deg": 121.807611784293,
        "centroid_lat": 17.697674100154455,
        "centroid_lon": 70.1546305483965,
        "mean_sigma0_db": -21.325611114501953,
        "contrast_db": 6.737377166748047,
        "edge_gradient": 2.4019598960876465,
        "cnn_oil_prob": 0.9650740623474121,
        "baseline_anomaly_z": -2.5630626678466797,
        "wind_gate_pass": true,
        "confidence": 0.7173158000185069,
        "cnn_lookalike_prob": 0.0,
        "fusion": {
          "cnn_oil_prob": 0.9650740623474121,
          "anomaly_term": 0.7432753899464807,
          "wind_gate_pass": true,
          "offset": 1.5
        }
      }
    },
    {
      "type": "Feature",
      "geometry": {
        "type": "Polygon",
        "coordinates": [
          [
            [
              70.61803788521345,
              18.59582542694497
            ],
            [
              70.61803788521345,
              18.59447004608295
            ],
            [
              70.60672886627086,
              18.59447004608295
            ],
            [
              70.60672886627086,
              18.593114665220927
            ],
            [
              70.59966072943172,
              18.593114665220927
            ],
            [
              70.59966072943172,
              18.591759284358904
            ],
            [
              70.59541984732824,
              18.591759284358904
            ],
            [
              70.59541984732824,
              18.59040390349688
            ],
            [
              70.59117896522477,
              18.59040390349688
            ],
            [
              70.59117896522477,
              18.58904852263486
            ],
            [
              70.58835171048912,
              18.58904852263486
            ],
            [
              70.58835171048912,
              18.58769314177284
            ],
            [
              70.58552445575346,
              18.58769314177284
            ],
            [
              70.58552445575346,
              18.586337760910816
            ],
            [
              70.57562906417868,
              18.586337760910816
            ],
            [
              70.57562906417868,
              18.584982380048793
            ],
            [
              70.57138818207521,
              18.584982380048793
            ],
            [
              70.57138818207521,
              18.58362699918677
            ],
            [
              70.56714729997172,
              18.58362699918677
            ],
            [
              70.56714729997172,
              18.58227161832475
            ],
            [
              70.56290641786825,
              18.58227161832475
            ],
            [
              70.56290641786825,
              18.580916237462727
            ],
            [
              70.5600791631326,
              18.580916237462727
            ],
            [
              70.5600791631326,
              18.579560856600704
            ],
            [
              70.55725190839695,
              18.579560856600704
            ],
            [
              70.55725190839695,
              18.57820547573868
            ],
            [
              70.5544246536613,
              18.57820547573868
            ],
            [
              70.5544246536613,
              18.57685009487666
            ],
            [
              70.55301102629348,
              18.57685009487666
            ],
            [
              70.55301102629348,
              18.57549471401464
            ],
            [
              70.55159739892564,
              18.57549471401464
            ],
            [
              70.55159739892564,
              18.574139333152615
            ],
            [
              70.54877014418999,
              18.574139333152615
            ],
            [
              70.54877014418999,
              18.572783952290592
            ],
            [
              70.54594288945434,
              18.572783952290592
            ],
            [
              70.54594288945434,
              18.571428571428573
            ],
            [
              70.54452926208651,
              18.571428571428573
            ],
            [
              70.54452926208651,
              18.57007319056655
            ],
            [
              70.54170200735086,
              18.57007319056655
            ],
            [
              70.54170200735086,
              18.568717809704527
            ],
            [
              70.53887475261521,
              18.568717809704527
            ],
            [
              70.53887475261521,
              18.567362428842504
            ],
            [
              70.53604749787957,
              18.567362428842504
            ],
            [
              70.53604749787957,
              18.56600704798048
            ],
            [
              70.5332202431439,
              18.56600704798048
            ],
            [
              70.5332202431439,
              18.56329628625644
            ],
            [
              70.53180661577608,
              18.56329628625644
            ],
            [
              70.53180661577608,
              18.561940905394415
            ],
            [
              70.52897936104043,
              18.561940905394415
            ],
            [
              70.52897936104043,
              18.560585524532392
            ],
            [
              70.52615210630478,
              18.560585524532392
            ],
            [
              70.52615210630478,
              18.559230143670373
            ],
            [
              70.52473847893695,
              18.559230143670373
            ],
            [
              70.52473847893695,
              18.55787476280835
            ],
            [
              70.5219112242013,
              18.55787476280835
            ],
            [
              70.5219112242013,
              18.556519381946327
            ],
            [
              70.52049759683348,
              18.556519381946327
            ],
            [
              70.52049759683348,
              18.555164001084304
            ],
            [
              70.51908396946565,
              18.555164001084304
            ],
            [
              70.51908396946565,
              18.55380862022228
            ],
            [
              70.51625671472999,
              18.55380862022228
            ],
            [
              70.51625671472999,
              18.55245323936026
            ],
            [
              70.51342945999434,
              18.55245323936026
            ],
            [
              70.51342945999434,
              18.55109785849824
            ],
            [
              70.51201583262652,
              18.55109785849824
            ],
            [
              70.51201583262652,
              18.549742477636215
            ],
            [
              70.50918857789087,
              18.549742477636215
            ],
            [
              70.50918857789087,
              18.548387096774192
            ],
            [
              70.50636132315522,
              18.548387096774192
            ],
            [
              70.50636132315522,
              18.547031715912173
            ],
            [
              70.50353406841957,
              18.547031715912173
            ],
            [
              70.50353406841957,
              18.54567633505015
            ],
            [
              70.50070681368392,
              18.54567633505015
            ],
            [
              70.50070681368392,
              18.544320954188127
            ],
            [
              70.49646593158043,
              18.544320954188127
            ],
            [
              70.49646593158043,
              18.542965573326104
            ],
            [
              70.4950523042126,
              18.542965573326104
            ],
            [
              70.4950523042126,
              18.541610192464084
            ],
            [
              70.49222504947696,
              18.541610192464084
            ],
            [
              70.49222504947696,
              18.54025481160206
            ],
            [
              70.49081142210913,
              18.54025481160206
            ],
            [
              70.49081142210913,
              18.538899430740038
            ],
            [
              70.48939779474131,
              18.538899430740038
            ],
            [
              70.48939779474131,
              18.537544049878015
            ],
            [
              70.48798416737348,
              18.537544049878015
            ],
            [
              70.48798416737348,
              18.536188669015992
            ],
            [
              70.48657054000566,
              18.536188669015992
            ],
            [
              70.48657054000566,
              18.534833288153973
            ],
            [
              70.48515691263783,
              18.534833288153973
            ],
            [
              70.48515691263783,
              18.53347790729195
            ],
            [
              70.48232965790217,
              18.53347790729195
            ],
            [
              70.48232965790217,
              18.532122526429927
            ],
            [
              70.48091603053435,
              18.532122526429927
            ],
            [
              70.48091603053435,
              18.530767145567903
            ],
            [
              70.47950240316652,
              18.530767145567903
            ],
            [
              70.47950240316652,
              18.529411764705884
            ],
            [
              70.47667514843087,
              18.529411764705884
            ],
            [
              70.47667514843087,
              18.52805638384386
            ],
            [
              70.47526152106305,
              18.52805638384386
            ],
            [
              70.47526152106305,
              18.526701002981838
            ],
            [
              70.4724342663274,
              18.526701002981838
            ],
            [
              70.4724342663274,
              18.525345622119815
            ],
            [
              70.46960701159175,
              18.525345622119815
            ],
            [
              70.46960701159175,
              18.523990241257792
            ],
            [
              70.4667797568561,
              18.523990241257792
            ],
            [
              70.4667797568561,
              18.522634860395772
            ],
            [
              70.46536612948827,
              18.522634860395772
            ],
            [
              70.46536612948827,
              18.52127947953375
            ],
            [
              70.46395250212043,
              18.52127947953375
            ],
            [
              70.46395250212043,
              18.519924098671726
            ],
            [
              70.46253887475261,
              18.519924098671726
            ],
            [
              70.46253887475261,
              18.518568717809703
            ],
            [
              70.46112524738479,
              18.518568717809703
            ],
            [
              70.46112524738479,
              18.517213336947684
            ],
            [
              70.45971162001696,
              18.517213336947684
            ],
            [
              70.45971162001696,
              18.51585795608566
            ],
            [
              70.45829799264914,
              18.51585795608566
            ],
            [
              70.45829799264914,
              18.514502575223638
            ],
            [
              70.45688436528131,
              18.514502575223638
            ],
            [
              70.45688436528131,
              18.513147194361615
            ],
            [
              70.45547073791349,
              18.513147194361615
            ],
            [
              70.45547073791349,
              18.511791813499592
            ],
            [
              70.45405711054566,
              18.511791813499592
            ],
            [
              70.45405711054566,
              18.510436432637572
            ],
            [
              70.45264348317784,
              18.510436432637572
            ],
            [
              70.45264348317784,
              18.50908105177555
            ],
            [
              70.45122985581001,
              18.50908105177555
            ],
            [
              70.45122985581001,
              18.507725670913526
            ],
            [
              70.44981622844219,
              18.507725670913526
            ],
            [
              70.44981622844219,
              18.506370290051503
            ],
            [
              70.44840260107436,
              18.506370290051503
            ],
            [
              70.44840260107436,
              18.505014909189484
            ],
            [
              70.4455753463387,
              18.505014909189484
            ],
            [
              70.4455753463387,
              18.50365952832746
            ],
            [
              70.44416171897088,
              18.50365952832746
            ],
            [
              70.44416171897088,
              18.502304147465438
            ],
            [
              70.44274809160305,
              18.502304147465438
            ],
            [
              70.44274809160305,
              18.500948766603415
            ],
            [
              70.4399208368674,
              18.500948766603415
            ],
            [
              70.4399208368674,
              18.49959338574139
            ],
            [
              70.43850720949958,
              18.49959338574139
            ],
            [
              70.43850720949958,
              18.49688262401735
            ],
            [
              70.43709358213175,
              18.49688262401735
            ],
            [
              70.43709358213175,
              18.494171862293303
            ],
            [
              70.43567995476393,
              18.494171862293303
            ],
            [
              70.43567995476393,
              18.492816481431284
            ],
            [
              70.4342663273961,
              18.492816481431284
            ],
            [
              70.4342663273961,
              18.490105719707238
            ],
            [
              70.43285270002828,
              18.490105719707238
            ],
            [
              70.43285270002828,
              18.488750338845215
            ],
            [
              70.43143907266045,
              18.488750338845215
            ],
            [
              70.43143907266045,
              18.48739495798319
            ],
            [
              70.43002544529261,
              18.48739495798319
            ],
            [
              70.43002544529261,
              18.486039577121172
            ],
            [
              70.42861181792479,
              18.486039577121172
            ],
            [
              70.42861181792479,
              18.48468419625915
            ],
            [
              70.42719819055696,
              18.48468419625915
            ],
            [
              70.42719819055696,
              18.483328815397126
            ],
            [
              70.42578456318914,
              18.483328815397126
            ],
            [
              70.42578456318914,
              18.481973434535103
            ],
            [
              70.42437093582132,
              18.481973434535103
            ],
            [
              70.42437093582132,
              18.480618053673084
            ],
            [
              70.42295730845349,
              18.480618053673084
            ],
            [
              70.42295730845349,
              18.47926267281106
            ],
            [
              70.42154368108567,
              18.47926267281106
            ],
            [
              70.42154368108567,
              18.47519653022499
            ],
            [
              70.42013005371784,
              18.47519653022499
            ],
            [
              70.42013005371784,
              18.471130387638926
            ],
            [
              70.41871642635002,
              18.471130387638926
            ],
            [
              70.41871642635002,
              18.46706424505286
            ],
            [
              70.41730279898219,
              18.46706424505286
            ],
            [
              70.41730279898219,
              18.46299810246679
            ],
            [
              70.41588917161437,
              18.46299810246679
            ],
            [
              70.41588917161437,
              18.458931959880726
            ],
            [
              70.41447554424654,
              18.458931959880726
            ],
            [
              70.41447554424654,
              18.444022770398483
            ],
            [
              70.41588917161437,
              18.444022770398483
            ],
            [
              70.41588917161437,
              18.439956627812414
            ],
            [
              70.41730279898219,
              18.439956627812414
            ],
            [
              70.41730279898219,
              18.438601246950395
            ],
            [
              70.41871642635002,
              18.438601246950395
            ],
            [
              70.41871642635002,
              18.43724586608837
            ],
            [
              70.42013005371784,
              18.43724586608837
            ],
            [
              70.42013005371784,
              18.43589048522635
            ],
            [
              70.42154368108567,
              18.43589048522635
            ],
            [
              70.42154368108567,
              18.434535104364326
            ],
            [
              70.42295730845349,
              18.434535104364326
            ],
            [
              70.42295730845349,
              18.433179723502302
            ],
            [
              70.42719819055696,
              18.433179723502302
            ],
            [
              70.42719819055696,
              18.431824342640283
            ],
            [
              70.45264348317784,
              18.431824342640283
            ],
            [
              70.45264348317784,
              18.433179723502302
            ],
            [
              70.46395250212043,
              18.433179723502302
            ],
            [
              70.46395250212043,
              18.434535104364326
            ],
            [
              70.46960701159175,
              18.434535104364326
            ],
            [
              70.46960701159175,
              18.43589048522635
            ],
            [
              70.47384789369522,
              18.43589048522635
            ],
            [
              70.47384789369522,
              18.43724586608837
            ],
            [
              70.47667514843087,
              18.43724586608837
            ],
            [
              70.47667514843087,
              18.438601246950395
            ],
            [
              70.47950240316652,
              18.438601246950395
            ],
            [
              70.47950240316652,
              18.439956627812414
            ],
            [
              70.48232965790217,
              18.439956627812414
            ],
            [
              70.48232965790217,
              18.441312008674437
            ],
            [
              70.48515691263783,
              18.441312008674437
            ],
            [
              70.48515691263783,
              18.44266738953646
            ],
            [
              70.48798416737348,
              18.44266738953646
            ],
            [
              70.48798416737348,
              18.444022770398483
            ],
            [
              70.49081142210913,
              18.444022770398483
            ],
            [
              70.49081142210913,
              18.445378151260503
            ],
            [
              70.49363867684478,
              18.445378151260503
            ],
            [
              70.49363867684478,
              18.446733532122526
            ],
            [
              70.49787955894826,
              18.446733532122526
            ],
            [
              70.49787955894826,
              18.44808891298455
            ],
            [
              70.50212044105174,
              18.44808891298455
            ],
            [
              70.50212044105174,
              18.44944429384657
            ],
            [
              70.5049476957874,
              18.44944429384657
            ],
            [
              70.5049476957874,
              18.45079967470859
            ],
            [
              70.50777495052304,
              18.45079967470859
            ],
            [
              70.50777495052304,
              18.452155055570614
            ],
            [
              70.50918857789087,
              18.452155055570614
            ],
            [
              70.50918857789087,
              18.453510436432637
            ],
            [
              70.51201583262652,
              18.453510436432637
            ],
            [
              70.51201583262652,
              18.45486581729466
            ],
            [
              70.51484308736217,
              18.45486581729466
            ],
            [
              70.51484308736217,
              18.456221198156683
            ],
            [
              70.51625671472999,
              18.456221198156683
            ],
            [
              70.51625671472999,
              18.457576579018703
            ],
            [
              70.51908396946565,
              18.457576579018703
            ],
            [
              70.51908396946565,
              18.458931959880726
            ],
            [
              70.52049759683348,
              18.458931959880726
            ],
            [
              70.52049759683348,
              18.46028734074275
            ],
            [
              70.52332485156913,
              18.46028734074275
            ],
            [
              70.52332485156913,
              18.461642721604772
            ],
            [
              70.52615210630478,
              18.461642721604772
            ],
            [
              70.52615210630478,
              18.46299810246679
            ],
            [
              70.53887475261521,
              18.46299810246679
            ],
            [
              70.53887475261521,
              18.464353483328814
            ],
            [
              70.54311563471869,
              18.464353483328814
            ],
            [
              70.54311563471869,
              18.465708864190837
            ],
            [
              70.54594288945434,
              18.465708864190837
            ],
            [
              70.54594288945434,
              18.46706424505286
            ],
            [
              70.54735651682216,
              18.46706424505286
            ],
            [
              70.54735651682216,
              18.468419625914883
            ],
            [
              70.55018377155781,
              18.468419625914883
            ],
            [
              70.55018377155781,
              18.469775006776903
            ],
            [
              70.55159739892564,
              18.469775006776903
            ],
            [
              70.55159739892564,
              18.471130387638926
            ],
            [
              70.55301102629348,
              18.471130387638926
            ],
            [
              70.55301102629348,
              18.47248576850095
            ],
            [
              70.5544246536613,
              18.47248576850095
            ],
            [
              70.5544246536613,
              18.473841149362972
            ],
            [
              70.55583828102912,
              18.473841149362972
            ],
            [
              70.55583828102912,
              18.47519653022499
            ],
            [
              70.55866553576477,
              18.47519653022499
            ],
            [
              70.55866553576477,
              18.476551911087014
            ],
            [
              70.56149279050042,
              18.476551911087014
            ],
            [
              70.56149279050042,
              18.477907291949037
            ],
            [
              70.56290641786825,
              18.477907291949037
            ],
            [
              70.56290641786825,
              18.47926267281106
            ],
            [
              70.5657336726039,
              18.47926267281106
            ],
            [
              70.5657336726039,
              18.480618053673084
            ],
            [
              70.56714729997172,
              18.480618053673084
            ],
            [
              70.56714729997172,
              18.481973434535103
            ],
            [
              70.56997455470739,
              18.481973434535103
            ],
            [
              70.56997455470739,
              18.483328815397126
            ],
            [
              70.57138818207521,
              18.483328815397126
            ],
            [
              70.57138818207521,
              18.48468419625915
            ],
            [
              70.57280180944304,
              18.48468419625915
            ],
            [
              70.57280180944304,
              18.486039577121172
            ],
            [
              70.57421543681086,
              18.486039577121172
            ],
            [
              70.57421543681086,
              18.48739495798319
            ],
            [
              70.57704269154651,
              18.48739495798319
            ],
            [
              70.57704269154651,
              18.488750338845215
            ],
            [
              70.57845631891433,
              18.488750338845215
            ],
            [
              70.57845631891433,
              18.490105719707238
            ],
            [
              70.58128357364998,
              18.490105719707238
            ],
            [
              70.58128357364998,
              18.49146110056926
            ],
            [
              70.58269720101781,
              18.49146110056926
            ],
            [
              70.58269720101781,
              18.492816481431284
            ],
            [
              70.58411082838563,
              18.492816481431284
            ],
            [
              70.58411082838563,
              18.494171862293303
            ],
            [
              70.58552445575346,
              18.494171862293303
            ],
            [
              70.58552445575346,
              18.495527243155326
            ],
            [
              70.58693808312128,
              18.495527243155326
            ],
            [
              70.58693808312128,
              18.49688262401735
            ],
            [
              70.58835171048912,
              18.49688262401735
            ],
            [
              70.58835171048912,
              18.498238004879372
            ],
            [
              70.58976533785695,
              18.498238004879372
            ],
            [
              70.58976533785695,
              18.49959338574139
            ],
            [
              70.59117896522477,
              18.49959338574139
            ],
            [
              70.59117896522477,
              18.500948766603415
            ],
            [
              70.5925925925926,
              18.500948766603415
            ],
            [
              70.5925925925926,
              18.502304147465438
            ],
            [
              70.59400621996042,
              18.502304147465438
            ],
            [
              70.59400621996042,
              18.50365952832746
            ],
            [
              70.59541984732824,
              18.50365952832746
            ],
            [
              70.59541984732824,
              18.505014909189484
            ],
            [
              70.5982471020639,
              18.505014909189484
            ],
            [
              70.5982471020639,
              18.506370290051503
            ],
            [
              70.59966072943172,
              18.506370290051503
            ],
            [
              70.59966072943172,
              18.507725670913526
            ],
            [
              70.60107435679954,
              18.507725670913526
            ],
            [
              70.60107435679954,
              18.50908105177555
            ],
            [
              70.60248798416737,
              18.50908105177555
            ],
            [
              70.60248798416737,
              18.511791813499592
            ],
            [
              70.60390161153519,
              18.511791813499592
            ],
            [
              70.60390161153519,
              18.513147194361615
            ],
            [
              70.60531523890303,
              18.513147194361615
            ],
            [
              70.60531523890303,
              18.514502575223638
            ],
            [
              70.60672886627086,
              18.514502575223638
            ],
            [
              70.60672886627086,
              18.51585795608566
            ],
            [
              70.60814249363868,
              18.51585795608566
            ],
            [
              70.60814249363868,
              18.517213336947684
            ],
            [
              70.61096974837433,
              18.517213336947684
            ],
            [
              70.61096974837433,
              18.518568717809703
            ],
            [
              70.61238337574216,
              18.518568717809703
            ],
            [
              70.61238337574216,
              18.519924098671726
            ],
            [
              70.61379700310998,
              18.519924098671726
            ],
            [
              70.61379700310998,
              18.52127947953375
            ],
            [
              70.6152106304778,
              18.52127947953375
            ],
            [
              70.6152106304778,
              18.522634860395772
            ],
            [
              70.61662425784563,
              18.522634860395772
            ],
            [
              70.61662425784563,
              18.523990241257792
            ],
            [
              70.61803788521345,
              18.523990241257792
            ],
            [
              70.61803788521345,
              18.525345622119815
            ],
            [
              70.61945151258128,
              18.525345622119815
            ],
            [
              70.61945151258128,
              18.526701002981838
            ],
            [
              70.62227876731694,
              18.526701002981838
            ],
            [
              70.62227876731694,
              18.52805638384386
            ],
            [
              70.62369239468477,
              18.52805638384386
            ],
            [
              70.62369239468477,
              18.529411764705884
            ],
            [
              70.62510602205259,
              18.529411764705884
            ],
            [
              70.62510602205259,
              18.530767145567903
            ],
            [
              70.62651964942042,
              18.530767145567903
            ],
            [
              70.62651964942042,
              18.532122526429927
            ],
            [
              70.62793327678824,
              18.532122526429927
            ],
            [
              70.62793327678824,
              18.53347790729195
            ],
            [
              70.62934690415607,
              18.53347790729195
            ],
            [
              70.62934690415607,
              18.536188669015992
            ],
            [
              70.63076053152389,
              18.536188669015992
            ],
            [
              70.63076053152389,
              18.537544049878015
            ],
            [
              70.63217415889171,
              18.537544049878015
            ],
            [
              70.63217415889171,
              18.538899430740038
            ],
            [
              70.63358778625954,
              18.538899430740038
            ],
            [
              70.63358778625954,
              18.54025481160206
            ],
            [
              70.63500141362736,
              18.54025481160206
            ],
            [
              70.63500141362736,
              18.541610192464084
            ],
            [
              70.63641504099519,
              18.541610192464084
            ],
            [
              70.63641504099519,
              18.542965573326104
            ],
            [
              70.63782866836301,
              18.542965573326104
            ],
            [
              70.63782866836301,
              18.544320954188127
            ],
            [
              70.63924229573084,
              18.544320954188127
            ],
            [
              70.63924229573084,
              18.54567633505015
            ],
            [
              70.64065592309868,
              18.54567633505015
            ],
            [
              70.64065592309868,
              18.547031715912173
            ],
            [
              70.6420695504665,
              18.547031715912173
            ],
            [
              70.6420695504665,
              18.548387096774192
            ],
            [
              70.64348317783433,
              18.548387096774192
            ],
            [
              70.64348317783433,
              18.549742477636215
            ],
            [
              70.64489680520215,
              18.549742477636215
            ],
            [
              70.64489680520215,
              18.55245323936026
            ],
            [
              70.64631043256998,
              18.55245323936026
            ],
            [
              70.64631043256998,
              18.555164001084304
            ],
            [
              70.6477240599378,
              18.555164001084304
            ],
            [
              70.6477240599378,
              18.556519381946327
            ],
            [
              70.64913768730563,
              18.556519381946327
            ],
            [
              70.64913768730563,
              18.559230143670373
            ],
            [
              70.65055131467345,
              18.559230143670373
            ],
            [
              70.65055131467345,
              18.561940905394415
            ],
            [
              70.65196494204127,
              18.561940905394415
            ],
            [
              70.65196494204127,
              18.56465166711846
            ],
            [
              70.6533785694091,
              18.56465166711846
            ],
            [
              70.6533785694091,
              18.572783952290592
            ],
            [
              70.65479219677692,
              18.572783952290592
            ],
            [
              70.65479219677692,
              18.58362699918677
            ],
            [
              70.6533785694091,
              18.58362699918677
            ],
            [
              70.6533785694091,
              18.586337760910816
            ],
            [
              70.65196494204127,
              18.586337760910816
            ],
            [
              70.65196494204127,
              18.58904852263486
            ],
            [
              70.64913768730563,
              18.58904852263486
            ],
            [
              70.64913768730563,
              18.59040390349688
            ],
            [
              70.6477240599378,
              18.59040390349688
            ],
            [
              70.6477240599378,
              18.591759284358904
            ],
            [
              70.64631043256998,
              18.591759284358904
            ],
            [
              70.64631043256998,
              18.593114665220927
            ],
            [
              70.64348317783433,
              18.593114665220927
            ],
            [
              70.64348317783433,
              18.59447004608295
            ],
            [
              70.64065592309868,
              18.59447004608295
            ],
            [
              70.64065592309868,
              18.59582542694497
            ],
            [
              70.61803788521345,
              18.59582542694497
            ]
          ]
        ]
      },
      "properties": {
        "slick_id": "slick-001",
        "scene_id": "demo-001",
        "area_km2": 227.71253788629596,
        "perimeter_km": 87.05971795861679,
        "shape_complexity": 1.627491961057762,
        "eccentricity": 0.9407578686652291,
        "major_axis_deg": 56.170776216925105,
        "centroid_lat": 18.514104678697972,
        "centroid_lon": 70.5334501939372,
        "mean_sigma0_db": -21.44943618774414,
        "contrast_db": 6.861202239990234,
        "edge_gradient": 2.3887124061584473,
        "cnn_oil_prob": 0.948610782623291,
        "baseline_anomaly_z": -2.6080286502838135,
        "wind_gate_pass": true,
        "confidence": 0.7131289778484292,
        "cnn_lookalike_prob": 0.0,
        "fusion": {
          "cnn_oil_prob": 0.948610782623291,
          "anomaly_term": 0.7517614082736234,
          "wind_gate_pass": true,
          "offset": 1.5
        }
      }
    },
    {
      "type": "Feature",
      "geometry": {
        "type": "Polygon",
        "coordinates": [
          [
            [
              69.7839977381962,
              16.20899972892383
            ],
            [
              69.7839977381962,
              16.207644348061805
            ],
            [
              69.78117048346056,
              16.207644348061805
            ],
            [
              69.78117048346056,
              16.206288967199782
            ],
            [
              69.7783432287249,
              16.206288967199782
            ],
            [
              69.7783432287249,
              16.20493358633776
            ],
            [
              69.77692960135708,
              16.20493358633776
            ],
            [
              69.77692960135708,
              16.20357820547574
            ],
            [
              69.77551597398926,
              16.20357820547574
            ],
            [
              69.77551597398926,
              16.202222824613717
            ],
            [
              69.77410234662143,
              16.202222824613717
            ],
            [
              69.77410234662143,
              16.200867443751694
            ],
            [
              69.77268871925361,
              16.200867443751694
            ],
            [
              69.77268871925361,
              16.19951206288967
            ],
            [
              69.76986146451796,
              16.19951206288967
            ],
            [
              69.76986146451796,
              16.19815668202765
            ],
            [
              69.76844783715013,
              16.19815668202765
            ],
            [
              69.76844783715013,
              16.195445920303605
            ],
            [
              69.7670342097823,
              16.195445920303605
            ],
            [
              69.7670342097823,
              16.194090539441582
            ],
            [
              69.76420695504665,
              16.194090539441582
            ],
            [
              69.76420695504665,
              16.19273515857956
            ],
            [
              69.76279332767882,
              16.19273515857956
            ],
            [
              69.76279332767882,
              16.19137977771754
            ],
            [
              69.761379700311,
              16.19137977771754
            ],
            [
              69.761379700311,
              16.190024396855517
            ],
            [
              69.75996607294317,
              16.190024396855517
            ],
            [
              69.75996607294317,
              16.188669015993494
            ],
            [
              69.75855244557535,
              16.188669015993494
            ],
            [
              69.75855244557535,
              16.18731363513147
            ],
            [
              69.75713881820752,
              16.18731363513147
            ],
            [
              69.75713881820752,
              16.184602873407428
            ],
            [
              69.7557251908397,
              16.184602873407428
            ],
            [
              69.7557251908397,
              16.183247492545405
            ],
            [
              69.75431156347187,
              16.183247492545405
            ],
            [
              69.75431156347187,
              16.181892111683382
            ],
            [
              69.75289793610405,
              16.181892111683382
            ],
            [
              69.75289793610405,
              16.18053673082136
            ],
            [
              69.75148430873622,
              16.18053673082136
            ],
            [
              69.75148430873622,
              16.17918134995934
            ],
            [
              69.75007068136838,
              16.17918134995934
            ],
            [
              69.75007068136838,
              16.177825969097317
            ],
            [
              69.74865705400056,
              16.177825969097317
            ],
            [
              69.74865705400056,
              16.176470588235293
            ],
            [
              69.74724342663274,
              16.176470588235293
            ],
            [
              69.74724342663274,
              16.17511520737327
            ],
            [
              69.74582979926491,
              16.17511520737327
            ],
            [
              69.74582979926491,
              16.17375982651125
            ],
            [
              69.74441617189709,
              16.17375982651125
            ],
            [
              69.74441617189709,
              16.172404445649228
            ],
            [
              69.74300254452926,
              16.172404445649228
            ],
            [
              69.74300254452926,
              16.171049064787205
            ],
            [
              69.74158891716144,
              16.171049064787205
            ],
            [
              69.74158891716144,
              16.169693683925182
            ],
            [
              69.74017528979361,
              16.169693683925182
            ],
            [
              69.74017528979361,
              16.16833830306316
            ],
            [
              69.73734803505796,
              16.16833830306316
            ],
            [
              69.73734803505796,
              16.16698292220114
            ],
            [
              69.73593440769014,
              16.16698292220114
            ],
            [
              69.73593440769014,
              16.165627541339116
            ],
            [
              69.73452078032231,
              16.165627541339116
            ],
            [
              69.73452078032231,
              16.164272160477093
            ],
            [
              69.73310715295447,
              16.164272160477093
            ],
            [
              69.73310715295447,
              16.16291677961507
            ],
            [
              69.73169352558665,
              16.16291677961507
            ],
            [
              69.73169352558665,
              16.160206017891028
            ],
            [
              69.73027989821882,
              16.160206017891028
            ],
            [
              69.73027989821882,
              16.158850637029005
            ],
            [
              69.728866270851,
              16.158850637029005
            ],
            [
              69.728866270851,
              16.15613987530496
            ],
            [
              69.72745264348318,
              16.15613987530496
            ],
            [
              69.72745264348318,
              16.15478449444294
            ],
            [
              69.72603901611535,
              16.15478449444294
            ],
            [
              69.72603901611535,
              16.152073732718893
            ],
            [
              69.72462538874753,
              16.152073732718893
            ],
            [
              69.72462538874753,
              16.15071835185687
            ],
            [
              69.7232117613797,
              16.15071835185687
            ],
            [
              69.7232117613797,
              16.148007590132828
            ],
            [
              69.72179813401188,
              16.148007590132828
            ],
            [
              69.72179813401188,
              16.146652209270805
            ],
            [
              69.72038450664405,
              16.146652209270805
            ],
            [
              69.72038450664405,
              16.14529682840878
            ],
            [
              69.71897087927623,
              16.14529682840878
            ],
            [
              69.71897087927623,
              16.14258606668474
            ],
            [
              69.7175572519084,
              16.14258606668474
            ],
            [
              69.7175572519084,
              16.141230685822716
            ],
            [
              69.71614362454058,
              16.141230685822716
            ],
            [
              69.71614362454058,
              16.13851992409867
            ],
            [
              69.71472999717274,
              16.13851992409867
            ],
            [
              69.71472999717274,
              16.13716454323665
            ],
            [
              69.71331636980491,
              16.13716454323665
            ],
            [
              69.71331636980491,
              16.135809162374628
            ],
            [
              69.71190274243709,
              16.135809162374628
            ],
            [
              69.71190274243709,
              16.134453781512605
            ],
            [
              69.71048911506927,
              16.134453781512605
            ],
            [
              69.71048911506927,
              16.13309840065058
            ],
            [
              69.70907548770144,
              16.13309840065058
            ],
            [
              69.70907548770144,
              16.13174301978856
            ],
            [
              69.70766186033362,
              16.13174301978856
            ],
            [
              69.70766186033362,
              16.13038763892654
            ],
            [
              69.70624823296579,
              16.13038763892654
            ],
            [
              69.70624823296579,
              16.127676877202493
            ],
            [
              69.70483460559797,
              16.127676877202493
            ],
            [
              69.70483460559797,
              16.12632149634047
            ],
            [
              69.70342097823014,
              16.12632149634047
            ],
            [
              69.70342097823014,
              16.12496611547845
            ],
            [
              69.70200735086232,
              16.12496611547845
            ],
            [
              69.70200735086232,
              16.123610734616427
            ],
            [
              69.70059372349449,
              16.123610734616427
            ],
            [
              69.70059372349449,
              16.122255353754404
            ],
            [
              69.69918009612667,
              16.122255353754404
            ],
            [
              69.69918009612667,
              16.11954459203036
            ],
            [
              69.69776646875883,
              16.11954459203036
            ],
            [
              69.69776646875883,
              16.11818921116834
            ],
            [
              69.696352841391,
              16.11818921116834
            ],
            [
              69.696352841391,
              16.116833830306316
            ],
            [
              69.69493921402318,
              16.116833830306316
            ],
            [
              69.69493921402318,
              16.115478449444293
            ],
            [
              69.69352558665535,
              16.115478449444293
            ],
            [
              69.69352558665535,
              16.11412306858227
            ],
            [
              69.69211195928753,
              16.11412306858227
            ],
            [
              69.69211195928753,
              16.11276768772025
            ],
            [
              69.6906983319197,
              16.11276768772025
            ],
            [
              69.6906983319197,
              16.110056925996204
            ],
            [
              69.68928470455188,
              16.110056925996204
            ],
            [
              69.68928470455188,
              16.10870154513418
            ],
            [
              69.68787107718406,
              16.10870154513418
            ],
            [
              69.68787107718406,
              16.10734616427216
            ],
            [
              69.68645744981623,
              16.10734616427216
            ],
            [
              69.68645744981623,
              16.10599078341014
            ],
            [
              69.6850438224484,
              16.10599078341014
            ],
            [
              69.6850438224484,
              16.104635402548116
            ],
            [
              69.68363019508058,
              16.104635402548116
            ],
            [
              69.68363019508058,
              16.103280021686093
            ],
            [
              69.68221656771276,
              16.103280021686093
            ],
            [
              69.68221656771276,
              16.101924640824073
            ],
            [
              69.68080294034492,
              16.101924640824073
            ],
            [
              69.68080294034492,
              16.10056925996205
            ],
            [
              69.6793893129771,
              16.10056925996205
            ],
            [
              69.6793893129771,
              16.099213879100027
            ],
            [
              69.67797568560927,
              16.099213879100027
            ],
            [
              69.67797568560927,
              16.097858498238004
            ],
            [
              69.67656205824144,
              16.097858498238004
            ],
            [
              69.67656205824144,
              16.09650311737598
            ],
            [
              69.67514843087362,
              16.09650311737598
            ],
            [
              69.67514843087362,
              16.09379235565194
            ],
            [
              69.6737348035058,
              16.09379235565194
            ],
            [
              69.6737348035058,
              16.092436974789916
            ],
            [
              69.67232117613797,
              16.092436974789916
            ],
            [
              69.67232117613797,
              16.091081593927893
            ],
            [
              69.67090754877015,
              16.091081593927893
            ],
            [
              69.67090754877015,
              16.089726213065873
            ],
            [
              69.66949392140232,
              16.089726213065873
            ],
            [
              69.66949392140232,
              16.08837083220385
            ],
            [
              69.6680802940345,
              16.08837083220385
            ],
            [
              69.6680802940345,
              16.087015451341827
            ],
            [
              69.66666666666667,
              16.087015451341827
            ],
            [
              69.66666666666667,
              16.085660070479804
            ],
            [
              69.66525303929885,
              16.085660070479804
            ],
            [
              69.66525303929885,
              16.08430468961778
            ],
            [
              69.66383941193102,
              16.08430468961778
            ],
            [
              69.66383941193102,
              16.08294930875576
            ],
            [
              69.66242578456318,
              16.08294930875576
            ],
            [
              69.66242578456318,
              16.08159392789374
            ],
            [
              69.66101215719536,
              16.08159392789374
            ],
            [
              69.66101215719536,
              16.080238547031716
            ],
            [
              69.65959852982753,
              16.080238547031716
            ],
            [
              69.65959852982753,
              16.078883166169692
            ],
            [
              69.65677127509188,
              16.078883166169692
            ],
            [
              69.65677127509188,
              16.077527785307673
            ],
            [
              69.65535764772406,
              16.077527785307673
            ],
            [
              69.65535764772406,
              16.07617240444565
            ],
            [
              69.65394402035624,
              16.07617240444565
            ],
            [
              69.65394402035624,
              16.074817023583627
            ],
            [
              69.65253039298841,
              16.074817023583627
            ],
            [
              69.65253039298841,
              16.073461642721604
            ],
            [
              69.65111676562059,
              16.073461642721604
            ],
            [
              69.65111676562059,
              16.07075088099756
            ],
            [
              69.64970313825276,
              16.07075088099756
            ],
            [
              69.64970313825276,
              16.068040119273515
            ],
            [
              69.64828951088494,
              16.068040119273515
            ],
            [
              69.64828951088494,
              16.065329357549473
            ],
            [
              69.64687588351711,
              16.065329357549473
            ],
            [
              69.64687588351711,
              16.06397397668745
            ],
            [
              69.64546225614927,
              16.06397397668745
            ],
            [
              69.64546225614927,
              16.05990783410138
            ],
            [
              69.64404862878145,
              16.05990783410138
            ],
            [
              69.64404862878145,
              16.04770940634318
            ],
            [
              69.64546225614927,
              16.04770940634318
            ],
            [
              69.64546225614927,
              16.044998644619138
            ],
            [
              69.64687588351711,
              16.044998644619138
            ],
            [
              69.64687588351711,
              16.043643263757115
            ],
            [
              69.64828951088494,
              16.043643263757115
            ],
            [
              69.64828951088494,
              16.042287882895092
            ],
            [
              69.64970313825276,
              16.042287882895092
            ],
            [
              69.64970313825276,
              16.040932502033073
            ],
            [
              69.65253039298841,
              16.040932502033073
            ],
            [
              69.65253039298841,
              16.03957712117105
            ],
            [
              69.66101215719536,
              16.03957712117105
            ],
            [
              69.66101215719536,
              16.040932502033073
            ],
            [
              69.66525303929885,
              16.040932502033073
            ],
            [
              69.66525303929885,
              16.042287882895092
            ],
            [
              69.6680802940345,
              16.042287882895092
            ],
            [
              69.6680802940345,
              16.043643263757115
            ],
            [
              69.67090754877015,
              16.043643263757115
            ],
            [
              69.67090754877015,
              16.044998644619138
            ],
            [
              69.6737348035058,
              16.044998644619138
            ],
            [
              69.6737348035058,
              16.04635402548116
            ],
            [
              69.67514843087362,
              16.04635402548116
            ],
            [
              69.67514843087362,
              16.04770940634318
            ],
            [
              69.67656205824144,
              16.04770940634318
            ],
            [
              69.67656205824144,
              16.049064787205204
            ],
            [
              69.6793893129771,
              16.049064787205204
            ],
            [
              69.6793893129771,
              16.050420168067227
            ],
            [
              69.68080294034492,
              16.050420168067227
            ],
            [
              69.68080294034492,
              16.053130929791273
            ],
            [
              69.68221656771276,
              16.053130929791273
            ],
            [
              69.68221656771276,
              16.054486310653292
            ],
            [
              69.68363019508058,
              16.054486310653292
            ],
            [
              69.68363019508058,
              16.055841691515315
            ],
            [
              69.6850438224484,
              16.055841691515315
            ],
            [
              69.6850438224484,
              16.05719707237734
            ],
            [
              69.68645744981623,
              16.05719707237734
            ],
            [
              69.68645744981623,
              16.05855245323936
            ],
            [
              69.68787107718406,
              16.05855245323936
            ],
            [
              69.68787107718406,
              16.061263214963404
            ],
            [
              69.68928470455188,
              16.061263214963404
            ],
            [
              69.68928470455188,
              16.062618595825427
            ],
            [
              69.6906983319197,
              16.062618595825427
            ],
            [
              69.6906983319197,
              16.065329357549473
            ],
            [
              69.69211195928753,
              16.065329357549473
            ],
            [
              69.69211195928753,
              16.068040119273515
            ],
            [
              69.69352558665535,
              16.068040119273515
            ],
            [
              69.69352558665535,
              16.06939550013554
            ],
            [
              69.69493921402318,
              16.06939550013554
            ],
            [
              69.69493921402318,
              16.07075088099756
            ],
            [
              69.696352841391,
              16.07075088099756
            ],
            [
              69.696352841391,
              16.073461642721604
            ],
            [
              69.69776646875883,
              16.073461642721604
            ],
            [
              69.69776646875883,
              16.074817023583627
            ],
            [
              69.69918009612667,
              16.074817023583627
            ],
            [
              69.69918009612667,
              16.07617240444565
            ],
            [
              69.70059372349449,
              16.07617240444565
            ],
            [
              69.70059372349449,
              16.077527785307673
            ],
            [
              69.70200735086232,
              16.077527785307673
            ],
            [
              69.70200735086232,
              16.078883166169692
            ],
            [
              69.70342097823014,
              16.078883166169692
            ],
            [
              69.70342097823014,
              16.080238547031716
            ],
            [
              69.70483460559797,
              16.080238547031716
            ],
            [
              69.70483460559797,
              16.08159392789374
            ],
            [
              69.70766186033362,
              16.08159392789374
            ],
            [
              69.70766186033362,
              16.08294930875576
            ],
            [
              69.70907548770144,
              16.08294930875576
            ],
            [
              69.70907548770144,
              16.08430468961778
            ],
            [
              69.71190274243709,
              16.08430468961778
            ],
            [
              69.71190274243709,
              16.085660070479804
            ],
            [
              69.71331636980491,
              16.085660070479804
            ],
            [
              69.71331636980491,
              16.087015451341827
            ],
            [
              69.71472999717274,
              16.087015451341827
            ],
            [
              69.71472999717274,
              16.08837083220385
            ],
            [
              69.71614362454058,
              16.08837083220385
            ],
            [
              69.71614362454058,
              16.089726213065873
            ],
            [
              69.7175572519084,
              16.089726213065873
            ],
            [
              69.7175572519084,
              16.092436974789916
            ],
            [
              69.71897087927623,
              16.092436974789916
            ],
            [
              69.71897087927623,
              16.09379235565194
            ],
            [
              69.72038450664405,
              16.09379235565194
            ],
            [
              69.72038450664405,
              16.09650311737598
            ],
            [
              69.72179813401188,
              16.09650311737598
            ],
            [
              69.72179813401188,
              16.099213879100027
            ],
            [
              69.7232117613797,
              16.099213879100027
            ],
            [
              69.7232117613797,
              16.10056925996205
            ],
            [
              69.72462538874753,
              16.10056925996205
            ],
            [
              69.72462538874753,
              16.103280021686093
            ],
            [
              69.72603901611535,
              16.103280021686093
            ],
            [
              69.72603901611535,
              16.104635402548116
            ],
            [
              69.72745264348318,
              16.104635402548116
            ],
            [
              69.72745264348318,
              16.10599078341014
            ],
            [
              69.728866270851,
              16.10599078341014
            ],
            [
              69.728866270851,
              16.10734616427216
            ],
            [
              69.73027989821882,
              16.10734616427216
            ],
            [
              69.73027989821882,
              16.110056925996204
            ],
            [
              69.73169352558665,
              16.110056925996204
            ],
            [
              69.73169352558665,
              16.111412306858227
            ],
            [
              69.73452078032231,
              16.111412306858227
            ],
            [
              69.73452078032231,
              16.11276768772025
            ],
            [
              69.73593440769014,
              16.11276768772025
            ],
            [
              69.73593440769014,
              16.11412306858227
            ],
            [
              69.73734803505796,
              16.11412306858227
            ],
            [
              69.73734803505796,
              16.115478449444293
            ],
            [
              69.73876166242579,
              16.115478449444293
            ],
            [
              69.73876166242579,
              16.116833830306316
            ],
            [
              69.74017528979361,
              16.116833830306316
            ],
            [
              69.74017528979361,
              16.11818921116834
            ],
            [
              69.74158891716144,
              16.11818921116834
            ],
            [
              69.74158891716144,
              16.12089997289238
            ],
            [
              69.74300254452926,
              16.12089997289238
            ],
            [
              69.74300254452926,
              16.122255353754404
            ],
            [
              69.74441617189709,
              16.122255353754404
            ],
            [
              69.74441617189709,
              16.123610734616427
            ],
            [
              69.74582979926491,
              16.123610734616427
            ],
            [
              69.74582979926491,
              16.12496611547845
            ],
            [
              69.74724342663274,
              16.12496611547845
            ],
            [
              69.74724342663274,
              16.12632149634047
            ],
            [
              69.74865705400056,
              16.12632149634047
            ],
            [
              69.74865705400056,
              16.127676877202493
            ],
            [
              69.75007068136838,
              16.127676877202493
            ],
            [
              69.75007068136838,
              16.129032258064516
            ],
            [
              69.75148430873622,
              16.129032258064516
            ],
            [
              69.75148430873622,
              16.13174301978856
            ],
            [
              69.75289793610405,
              16.13174301978856
            ],
            [
              69.75289793610405,
              16.13309840065058
            ],
            [
              69.75431156347187,
              16.13309840065058
            ],
            [
              69.75431156347187,
              16.134453781512605
            ],
            [
              69.7557251908397,
              16.134453781512605
            ],
            [
              69.7557251908397,
              16.135809162374628
            ],
            [
              69.75713881820752,
              16.135809162374628
            ],
            [
              69.75713881820752,
              16.13851992409867
            ],
            [
              69.75855244557535,
              16.13851992409867
            ],
            [
              69.75855244557535,
              16.139875304960693
            ],
            [
              69.75996607294317,
              16.139875304960693
            ],
            [
              69.75996607294317,
              16.141230685822716
            ],
            [
              69.761379700311,
              16.141230685822716
            ],
            [
              69.761379700311,
              16.14258606668474
            ],
            [
              69.76279332767882,
              16.14258606668474
            ],
            [
              69.76279332767882,
              16.14394144754676
            ],
            [
              69.76420695504665,
              16.14394144754676
            ],
            [
              69.76420695504665,
              16.14529682840878
            ],
            [
              69.7670342097823,
              16.14529682840878
            ],
            [
              69.7670342097823,
              16.146652209270805
            ],
            [
              69.76844783715013,
              16.146652209270805
            ],
            [
              69.76844783715013,
              16.148007590132828
            ],
            [
              69.76986146451796,
              16.148007590132828
            ],
            [
              69.76986146451796,
              16.14936297099485
            ],
            [
              69.77127509188578,
              16.14936297099485
            ],
            [
              69.77127509188578,
              16.15071835185687
            ],
            [
              69.77268871925361,
              16.15071835185687
            ],
            [
              69.77268871925361,
              16.152073732718893
            ],
            [
              69.77410234662143,
              16.152073732718893
            ],
            [
              69.77410234662143,
              16.153429113580916
            ],
            [
              69.77551597398926,
              16.153429113580916
            ],
            [
              69.77551597398926,
              16.15478449444294
            ],
            [
              69.77692960135708,
              16.15478449444294
            ],
            [
              69.77692960135708,
              16.15613987530496
            ],
            [
              69.7783432287249,
              16.15613987530496
            ],
            [
              69.7783432287249,
              16.158850637029005
            ],
            [
              69.77975685609273,
              16.158850637029005
            ],
            [
              69.77975685609273,
              16.160206017891028
            ],
            [
              69.78117048346056,
              16.160206017891028
            ],
            [
              69.78117048346056,
              16.16156139875305
            ],
            [
              69.78258411082838,
              16.16156139875305
            ],
            [
              69.78258411082838,
              16.164272160477093
            ],
            [
              69.7839977381962,
              16.164272160477093
            ],
            [
              69.7839977381962,
              16.165627541339116
            ],
            [
              69.78541136556403,
              16.165627541339116
            ],
            [
              69.78541136556403,
              16.16698292220114
            ],
            [
              69.78682499293187,
              16.16698292220114
            ],
            [
              69.78682499293187,
              16.16833830306316
            ],
            [
              69.7882386202997,
              16.16833830306316
            ],
            [
              69.7882386202997,
              16.169693683925182
            ],
            [
              69.78965224766752,
              16.169693683925182
            ],
            [
              69.78965224766752,
              16.171049064787205
            ],
            [
              69.79106587503534,
              16.171049064787205
            ],
            [
              69.79106587503534,
              16.172404445649228
            ],
            [
              69.79247950240317,
              16.172404445649228
            ],
            [
              69.79247950240317,
              16.17511520737327
            ],
            [
              69.79389312977099,
              16.17511520737327
            ],
            [
              69.79389312977099,
              16.176470588235293
            ],
            [
              69.79530675713882,
              16.176470588235293
            ],
            [
              69.79530675713882,
              16.177825969097317
            ],
            [
              69.79672038450664,
              16.177825969097317
            ],
            [
              69.79672038450664,
              16.18053673082136
            ],
            [
              69.79813401187447,
              16.18053673082136
            ],
            [
              69.79813401187447,
              16.181892111683382
            ],
            [
              69.79954763924229,
              16.181892111683382
            ],
            [
              69.79954763924229,
              16.184602873407428
            ],
            [
              69.80096126661012,
              16.184602873407428
            ],
            [
              69.80096126661012,
              16.18731363513147
            ],
            [
              69.80237489397794,
              16.18731363513147
            ],
            [
              69.80237489397794,
              16.19137977771754
            ],
            [
              69.80378852134578,
              16.19137977771754
            ],
            [
              69.80378852134578,
              16.19815668202765
            ],
            [
              69.80237489397794,
              16.19815668202765
            ],
            [
              69.80237489397794,
              16.202222824613717
            ],
            [
              69.80096126661012,
              16.202222824613717
            ],
            [
              69.80096126661012,
              16.20357820547574
            ],
            [
              69.79954763924229,
              16.20357820547574
            ],
            [
              69.79954763924229,
              16.20493358633776
            ],
            [
              69.79813401187447,
              16.20493358633776
            ],
            [
              69.79813401187447,
              16.206288967199782
            ],
            [
              69.79672038450664,
              16.206288967199782
            ],
            [
              69.79672038450664,
              16.207644348061805
            ],
            [
              69.79247950240317,
              16.207644348061805
            ],
            [
              69.79247950240317,
              16.20899972892383
            ],
            [
              69.7839977381962,
              16.20899972892383
            ]
          ]
        ]
      },
      "properties": {
        "slick_id": "slick-002",
        "scene_id": "demo-001",
        "area_km2": 83.85768421816859,
        "perimeter_km": 71.67496710611601,
        "shape_complexity": 2.207959677179223,
        "eccentricity": 0.9846244925680018,
        "major_axis_deg": 41.71939849197443,
        "centroid_lat": 16.124673738892703,
        "centroid_lon": 69.72390098597533,
        "mean_sigma0_db": -24.035451889038086,
        "contrast_db": 9.44721794128418,
        "edge_gradient": 2.540428638458252,
        "cnn_oil_prob": 0.9494367837905884,
        "baseline_anomaly_z": -3.7321794033050537,
        "wind_gate_pass": true,
        "confidence": 0.8574384891474617,
        "cnn_lookalike_prob": 0.0,
        "fusion": {
          "cnn_oil_prob": 0.9494367837905884,
          "anomaly_term": 0.9031022431258381,
          "wind_gate_pass": true,
          "offset": 1.5
        }
      }
    }
  ]
}